Date,sentiment_pos,sentiment_neg,sentiment_compound
2020-02-07,0.08398,0.03542,0.074298
2020-02-13,0.06955555555555555,0.06927777777777779,0.018294444444444447
2020-02-14,0.024531249999999998,0.05165625,-0.043184375
2020-02-21,0.01994,0.02856,-0.011458
2020-02-28,0.029759999999999998,0.183,-0.270684
2020-03-06,0.08028,0.19948,-0.24011200000000002
2020-03-13,0.01996,0.08998,-0.139154
2020-03-20,0.16374,0.0226,0.21405000000000002
2020-03-27,0.01038,0.37126,-0.603564
2020-04-02,0.1025,0.0,0.10115
2020-04-03,0.0713125,0.05435416666666667,-0.00794583333333333
2020-04-09,0.07921951219512195,0.02502439024390244,0.060026829268292684
2020-04-10,0.0937777777777778,0.06433333333333333,0.10292222222222222
2020-04-17,0.02044,0.00962,0.017418
2020-04-23,0.0,0.0,0.0
2020-04-24,0.09181632653061224,0.03055102040816327,0.1008265306122449
2020-05-01,0.04796,0.1402,-0.16059400000000001
2020-05-08,0.13554,0.08102000000000001,0.056638
2020-05-15,0.05856,0.21138,-0.254244
2020-05-22,0.10042,0.16418,-0.161186
2020-05-29,0.041479999999999996,0.0816,-0.049319999999999996
2020-06-05,0.07146,0.07156,-0.0217
2020-06-12,0.021420000000000005,0.14715999999999999,-0.265422
2020-06-18,0.22875,0.04125,0.29295
2020-06-19,0.25404347826086954,0.019543478260869565,0.35956956521739125
2020-06-26,0.05662,0.14374,-0.14434
2020-07-02,0.11438461538461539,0.0,0.19573846153846153
2020-07-03,0.06954166666666667,0.019083333333333334,0.07916250000000001
2020-07-10,0.07615999999999999,0.06474,0.054745999999999996
2020-07-17,0.09032,0.05772,0.05309200000000001
2020-07-24,0.07332,0.095,-0.054226
2020-07-31,0.07336000000000001,0.0334,0.064454
2020-08-07,0.07678,0.08773999999999998,-0.028607999999999998
2020-08-14,0.06606,0.11114,-0.091832
2020-08-21,0.08692,0.04984,0.10613199999999999
2020-08-27,0.08833333333333333,0.0,0.21989999999999998
2020-08-28,0.11034042553191489,0.03723404255319149,0.07662765957446808
2020-09-04,0.08756,0.06158,0.032318
2020-09-11,0.1284,0.08448,0.08027200000000001
2020-09-18,0.0668,0.04644,0.020081999999999996
2020-09-25,0.060700000000000004,0.0977,-0.07668
2020-10-02,0.10854,0.06881999999999999,0.117482
2020-10-08,0.1529230769230769,0.024153846153846154,0.17063846153846154
2020-10-09,0.09410810810810812,0.019432432432432433,0.144627027027027
2020-10-14,0.028000000000000004,0.0434,0.00411999999999999
2020-10-15,0.07458064516129032,0.09232258064516129,-0.02333225806451613
2020-10-16,0.06757142857142857,0.0,0.1382142857142857
2020-10-21,0.17342105263157895,0.05857894736842105,0.19000526315789473
2020-10-22,0.11233333333333333,0.015285714285714286,0.18819523809523808
2020-10-23,0.1361,0.07830000000000001,0.1567
2020-10-29,0.020464285714285713,0.010392857142857143,0.018589285714285714
2020-10-30,0.018863636363636364,0.22977272727272727,-0.33218636363636367
2020-11-05,0.047428571428571424,0.12580000000000002,-0.0769342857142857
2020-11-06,0.14513333333333334,0.0264,0.29568
2020-11-11,0.0687037037037037,0.017296296296296296,0.06334814814814815
2020-11-12,0.06805,0.0252,0.03271
2020-11-13,0.08566666666666667,0.0,0.1953
2020-11-20,0.13388,0.05024,0.07662000000000001
2020-11-26,0.1386,0.0562,0.12208
2020-11-27,0.21057142857142855,0.005057142857142857,0.25862
2020-12-04,0.16926,0.10504,0.089742
2020-12-11,0.0273,0.23817999999999998,-0.23967399999999997
2020-12-18,0.07624,0.024399999999999998,0.09283
2020-12-23,0.14079999999999998,0.028999999999999998,0.10542
2020-12-24,0.04747727272727273,0.0047954545454545455,0.08532045454545455
2020-12-25,0.0,0.0,0.0
2020-12-31,0.04320512820512821,0.008692307692307694,0.06231794871794872
2021-01-01,0.08481818181818182,0.014545454545454545,0.10106363636363637
2021-01-08,0.04794,0.02014,0.062382
2021-01-14,0.09078947368421053,0.008052631578947369,0.1377315789473684
2021-01-15,0.03558064516129032,0.08670967741935484,-0.07775806451612903
2021-01-21,0.0,0.0,0.0
2021-01-22,0.043333333333333335,0.09015555555555556,-0.046308888888888886
2021-01-29,0.04232,0.14628,-0.15009
2021-02-04,0.06461111111111112,0.052055555555555556,-0.012583333333333328
2021-02-05,0.13284375,0.012343749999999999,0.19975
2021-02-11,0.09120833333333334,0.05291666666666667,0.05155833333333334
2021-02-12,0.09215384615384616,0.14211538461538462,-0.08832692307692308
2021-02-19,0.10289999999999999,0.12198,-0.028244000000000002
2021-02-26,0.042359999999999995,0.10674,-0.12141
2021-03-05,0.08290000000000002,0.054000000000000006,0.010354
2021-03-12,0.0696,0.1003,-0.057612
2021-03-19,0.09788000000000001,0.03318,0.073972
2021-03-25,0.074,0.0522,0.06251999999999999
2021-03-26,0.147475,0.04415,0.18480749999999999
2021-04-02,0.16646,0.013980000000000001,0.172426
2021-04-09,0.11218,0.01752,0.154686
2021-04-15,0.0,0.0,0.0
2021-04-16,0.08983673469387755,0.011530612244897959,0.12297551020408164
2021-04-22,0.03275,0.057874999999999996,-0.043387499999999996
2021-04-23,0.06554761904761905,0.07476190476190477,-0.01568809523809524
2021-04-30,0.21317999999999998,0.0259,0.33151800000000003
2021-05-07,0.06434000000000001,0.10534,-0.073758
2021-05-13,0.0,0.06933333333333333,-0.09106666666666667
2021-05-14,0.07502127659574467,0.02780851063829787,0.06940212765957446
2021-05-21,0.0965,0.01964,0.10831400000000001
2021-05-28,0.13378,0.0259,0.176356
2021-06-03,0.03412,0.04295999999999999,-0.016508
2021-06-04,0.03092,0.027080000000000003,-0.013375999999999994
2021-06-10,0.021857142857142856,0.0,0.05741428571428571
2021-06-11,0.07665116279069767,0.04234883720930233,0.020760465116279065
2021-06-18,0.05212,0.054000000000000006,0.01804
2021-06-25,0.13298,0.03796,0.118756
2021-07-02,0.07686,0.052320000000000005,0.036436
2021-07-09,0.10337999999999999,0.05824,0.05248
2021-07-16,0.08960000000000001,0.05008,0.06280800000000002
2021-07-23,0.09922,0.009399999999999999,0.16976400000000003
2021-07-29,0.06999999999999999,0.06459999999999999,0.02842000000000001
2021-07-30,0.11391111111111112,0.10493333333333332,-0.03759555555555556
2021-08-05,0.013333333333333334,0.09266666666666667,-0.16043333333333334
2021-08-06,0.0681590909090909,0.01809090909090909,0.0722590909090909
2021-08-13,0.14016,0.0526,0.19579800000000003
2021-08-20,0.02772,0.13498,-0.210474
2021-08-27,0.06280000000000001,0.0051,0.115012
2021-09-03,0.08070000000000001,0.08961999999999999,-0.024864000000000008
2021-09-09,0.03266666666666667,0.15216666666666664,-0.18785
2021-09-10,0.08163636363636363,0.06643181818181819,0.024350000000000004
2021-09-16,0.07658333333333334,0.04800000000000001,0.057425000000000004
2021-09-17,0.09228947368421053,0.06313157894736843,0.025739473684210524
2021-09-23,0.20557142857142857,0.0135,0.35069285714285714
2021-09-24,0.05569444444444444,0.14055555555555557,-0.12995277777777778
2021-10-01,0.04024,0.06437999999999999,-0.034088
2021-10-08,0.064,0.05974,0.038484
2021-10-15,0.16149999999999998,0.01594,0.23995800000000003
2021-10-22,0.08077999999999999,0.13612,-0.06931599999999999
2021-10-29,0.13226,0.0907,0.070642
2021-11-05,0.13596,0.02258,0.216828
2021-11-12,0.16632000000000002,0.03054,0.228842
2021-11-19,0.07066,0.07762,-0.012666
2021-11-26,0.06112,0.14642,-0.160598
2021-12-03,0.04956000000000001,0.1017,-0.086468
2021-12-10,0.06024,0.0193,0.08120799999999999
2021-12-17,0.04764,0.11656000000000001,-0.09625199999999999
2021-12-23,0.07634090909090908,0.012590909090909092,0.08981818181818181
2021-12-24,0.0,0.065,-0.064
2021-12-31,0.023860000000000003,0.02006,0.0034140000000000004
2022-01-07,0.03532,0.07586,-0.08362
2022-01-14,0.0292,0.06437999999999999,-0.04308
2022-01-21,0.07806,0.07872,0.0014100000000000046
2022-01-28,0.09162,0.03214,0.129542
2022-02-04,0.13846,0.051399999999999994,0.191784
2022-02-11,0.11424,0.11052,0.0033619999999999987
2022-02-18,0.058499999999999996,0.1475,-0.141204
2022-02-25,0.10006,0.08244,0.018443999999999995
2022-03-04,0.02992,0.08724,-0.09915800000000001
2022-03-11,0.10339999999999999,0.08396,0.028455999999999995
2022-03-18,0.12156,0.06732,0.10137600000000001
2022-03-25,0.13058,0.07502,0.070102
2022-04-01,0.06014,0.03286,0.048304
2022-04-08,0.0302,0.055439999999999996,-0.030662000000000002
2022-04-14,0.04465,0.08305,-0.0566425
2022-04-15,0.0089,0.1152,-0.23134000000000002
2022-04-22,0.09472,0.10414,-0.027148000000000002
2022-04-29,0.09513999999999999,0.08594000000000002,-0.013249999999999994
2022-05-06,0.049240000000000006,0.05434,-0.007841999999999998
2022-05-13,0.04996,0.1024,-0.114954
2022-05-20,0.09555999999999999,0.06894,0.029290000000000004
2022-05-27,0.11916,0.025620000000000004,0.148726
2022-06-03,0.05326,0.11772,-0.12417199999999999
2022-06-10,0.05448,0.05958,-0.021466
2022-06-17,0.09282,0.10402000000000002,-0.033444
2022-06-23,0.015111111111111112,0.07322222222222223,-0.13197777777777778
2022-06-24,0.14892682926829268,0.036292682926829266,0.18000731707317075
2022-06-30,0.16133333333333333,0.029166666666666664,0.16908333333333334
2022-07-01,0.11052272727272729,0.10090909090909089,0.029495454545454547
2022-07-07,0.06283333333333334,0.13683333333333333,-0.053483333333333334
2022-07-08,0.10879545454545454,0.061000000000000006,0.11038863636363637
2022-07-15,0.0964,0.036379999999999996,0.094532
2022-07-22,0.08586,0.08370000000000001,-0.0045740000000000025
2022-07-29,0.16108,0.01268,0.250772
2022-08-05,0.10596,0.048,0.096112
2022-08-12,0.1148,0.0664,0.080984
2022-08-19,0.02648,0.10478,-0.141012
2022-08-26,0.043179999999999996,0.05208,-0.010918000000000004
2022-09-02,0.0127,0.0017399999999999998,0.020798
2022-09-09,0.08478,0.04694,0.076576
2022-09-16,0.05082,0.19498000000000001,-0.254096
2022-09-23,0.0641,0.11567999999999999,-0.080298
2022-09-30,0.04458,0.09917999999999999,-0.093842
2022-10-07,0.06298,0.05842000000000001,0.030820000000000004
2022-10-13,0.0,0.0,0.0
2022-10-14,0.06380851063829787,0.06512765957446809,0.01826170212765957
2022-10-21,0.08082,0.05102,0.048004
2022-10-28,0.09661999999999998,0.0533,0.055398
2022-11-04,0.0742,0.03412,0.061108
2022-11-10,0.023299999999999998,0.002575,0.04406
2022-11-11,0.0666,0.09509999999999999,-0.04668
2022-11-17,0.12063636363636364,0.032545454545454544,0.21177272727272725
2022-11-18,0.07182051282051283,0.035076923076923075,0.07575641025641025
2022-11-23,0.0,0.0,0.0
2022-11-24,0.1747692307692308,0.0,0.24257692307692308
2022-11-25,0.06655555555555555,0.048749999999999995,0.02529722222222222
2022-12-02,0.14102,0.10612,0.09735200000000001
2022-12-09,0.05194,0.04668,-0.0012060000000000005
2022-12-16,0.05028,0.1539,-0.156942
2022-12-23,0.0382,0.03674,-0.0036560000000000013
2022-12-30,0.026160000000000003,0.06612,-0.071454
2023-01-06,0.04008,0.03024,0.0017260000000000031
2023-01-12,0.09266666666666667,0.0,0.21989999999999998
2023-01-13,0.09036170212765957,0.07425531914893617,0.03562765957446809
2023-01-20,0.08220000000000001,0.05788,0.08519
2023-01-27,0.08054,0.050760000000000007,0.060442
2023-02-03,0.11686,0.10954000000000001,0.034142
2023-02-09,0.1361764705882353,0.07611764705882353,0.1681058823529412
2023-02-10,0.021272727272727273,0.1133939393939394,-0.16114242424242425
2023-02-16,0.10650000000000001,0.1575,-0.08912500000000004
2023-02-17,0.08397826086956521,0.12706521739130433,-0.043428260869565215
2023-02-24,0.04442,0.03092,0.0027060000000000005
2023-03-03,0.05444,0.0348,0.051246
2023-03-10,0.10472,0.04386,0.10212
2023-03-17,0.094,0.1133,-0.04056999999999999
2023-03-21,0.07291304347826087,0.06734782608695652,0.03018260869565218
2023-03-22,0.0825,0.2595,-0.37270000000000003
2023-03-24,0.13704,0.13644,0.039304000000000006
2023-03-30,0.08066666666666666,0.123,-0.15726666666666667
2023-03-31,0.11938297872340425,0.05865957446808511,0.14397659574468086
2023-04-06,0.11436111111111111,0.15283333333333332,-0.06381944444444443
2023-04-07,0.2504285714285714,0.029214285714285717,0.4454928571428572
2023-04-13,0.0878,0.07635,0.06624
2023-04-14,0.08886666666666666,0.09373333333333335,0.024850000000000007
2023-04-20,0.0642,0.06695999999999999,0.005307999999999995
2023-04-21,0.08796,0.07744,0.025380000000000003
2023-04-27,0.169,0.006083333333333333,0.25514583333333335
2023-04-28,0.12196153846153845,0.0635,0.0950346153846154
2023-05-04,0.07192307692307692,0.09584615384615384,-0.07501538461538461
2023-05-05,0.1522702702702703,0.037702702702702706,0.22027837837837838
2023-05-11,0.053947368421052626,0.148,-0.1444578947368421
2023-05-12,0.13596774193548386,0.09732258064516129,0.10486451612903228
2023-05-18,0.13383333333333333,0.049055555555555554,0.1869888888888889
2023-05-19,0.1011875,0.1486875,-0.057593750000000006
2023-05-25,0.14285714285714285,0.10942857142857143,0.10692857142857141
2023-05-26,0.10030555555555556,0.14841666666666667,-0.07164166666666666
2023-06-01,0.131,0.028550000000000002,0.20406
2023-06-02,0.10529999999999999,0.11453333333333333,0.01253333333333333
2023-06-08,0.10918749999999999,0.0166875,0.22290625
2023-06-09,0.0806764705882353,0.07497058823529412,0.012644117647058818
2023-06-15,0.09999999999999999,0.015000000000000001,0.19826923076923075
2023-06-16,0.06648648648648649,0.0818918918918919,-0.007586486486486474
2023-06-22,0.08071428571428571,0.09728571428571428,-0.06785714285714284
2023-06-23,0.09874418604651164,0.03962790697674418,0.0896674418604651
2023-06-29,0.16017647058823528,0.013176470588235295,0.2634176470588235
2023-06-30,0.10342424242424243,0.0313939393939394,0.14377575757575758
2023-07-06,0.12923076923076923,0.05284615384615385,0.13326923076923075
2023-07-07,0.06897297297297297,0.09924324324324325,-0.07291351351351351
2023-07-14,0.13102,0.056280000000000004,0.123652
2023-07-21,0.17434000000000002,0.00734,0.33470599999999995
2023-07-27,0.088,0.0,0.24695
2023-07-28,0.10718749999999999,0.03808333333333333,0.1201875
2023-08-03,0.12617391304347828,0.028043478260869566,0.14321739130434782
2023-08-04,0.12114814814814814,0.05655555555555556,0.08204814814814815
2023-08-10,0.11739473684210527,0.016605263157894738,0.16573157894736842
2023-08-11,0.07058333333333333,0.035583333333333335,0.04209166666666667
2023-08-17,0.0583125,0.1169375,-0.11693125
2023-08-18,0.07205882352941177,0.1492941176470588,-0.14822058823529413
2023-08-24,0.13666666666666666,0.14866666666666667,0.1038666666666667
2023-08-25,0.08038297872340426,0.032,0.08885744680851064
2023-08-31,0.03434782608695652,0.04678260869565218,-0.021313043478260872
2023-09-01,0.14003703703703704,0.033851851851851855,0.18426296296296293
2023-09-07,0.06876923076923078,0.09757692307692307,-0.07708846153846152
2023-09-08,0.09529166666666666,0.12095833333333333,-0.0348625
2023-09-14,0.11699999999999999,0.016923076923076923,0.17914615384615384
2023-09-15,0.0695945945945946,0.07894594594594594,-0.0014108108108108115
2023-09-21,0.0463125,0.0744375,-0.030524999999999993
2023-09-22,0.06394117647058824,0.09326470588235293,-0.04594117647058823
2023-09-28,0.18380000000000002,0.13079999999999997,0.04129999999999999
2023-09-29,0.14966666666666667,0.04977777777777778,0.16921777777777777
2023-10-05,0.04469230769230769,0.10246153846153847,-0.09244615384615384
2023-10-06,0.08812500000000001,0.043750000000000004,0.05404583333333333
2023-10-12,0.1465,0.04075,0.17181875
2023-10-13,0.08705882352941176,0.09373529411764706,0.0023382352941176392
2023-10-19,0.04823529411764706,0.12070588235294118,-0.0879294117647059
2023-10-20,0.05693939393939394,0.12333333333333334,-0.126730303030303
2023-10-27,0.1182,0.08725999999999999,0.045216000000000006
2023-11-01,0.09807692307692308,0.03323076923076923,0.13239230769230767
2023-11-02,0.05492,0.03376,0.022308000000000005
2023-11-03,0.056833333333333326,0.08116666666666666,-0.07016666666666667
2023-11-09,0.1261578947368421,0.06057894736842105,0.13887894736842105
2023-11-10,0.11619354838709677,0.031161290322580644,0.14324193548387096
2023-11-16,0.105625,0.0770625,0.08009374999999999
2023-11-17,0.10238235294117647,0.03882352941176471,0.13063235294117645
2023-11-22,0.10612500000000001,0.048625,0.12032499999999999
2023-11-23,0.024857142857142855,0.06885714285714285,-0.0211
2023-11-24,0.10414285714285715,0.03225714285714286,0.118
2023-11-30,0.17472727272727273,0.03109090909090909,0.24855909090909092
2023-12-01,0.07042857142857142,0.046785714285714285,0.06086785714285714
2023-12-07,0.16885714285714284,0.019,0.28027142857142856
2023-12-08,0.12030232558139535,0.0716046511627907,0.12580697674418603
2023-12-14,0.11163636363636363,0.057,0.07803636363636364
2023-12-15,0.17748717948717949,0.06966666666666667,0.21476666666666666
2023-12-21,0.11866666666666666,0.029833333333333333,0.22473333333333334
2023-12-22,0.20579545454545453,0.048,0.299075
2023-12-28,0.061000000000000006,0.07881818181818182,-0.01239090909090909
2023-12-29,0.10620512820512822,0.03266666666666667,0.1532230769230769
2024-01-04,0.082,0.08662500000000001,0.003025
2024-01-05,0.09418181818181819,0.07412121212121212,0.047545454545454544
2024-01-11,0.11241935483870967,0.02441935483870968,0.1407516129032258
2024-01-12,0.10778947368421053,0.13289473684210526,-0.0368
2024-01-18,0.07677777777777778,0.07866666666666666,0.02728888888888888
2024-01-19,0.09892682926829269,0.02851219512195122,0.12273414634146342
2024-01-25,0.1350526315789474,0.052,0.1311315789473684
2024-01-26,0.09867741935483872,0.06838709677419355,0.05666774193548387
2024-02-01,0.19290000000000002,0.0316,0.33357000000000003
2024-02-02,0.12497499999999999,0.017275000000000002,0.2179075
2024-02-08,0.1635,0.06207142857142857,0.15996428571428573
2024-02-09,0.12013888888888889,0.02188888888888889,0.1502527777777778
2024-02-15,0.04260714285714286,0.060964285714285714,-0.029464285714285717
2024-02-16,0.10245454545454545,0.03386363636363637,0.10622272727272727
2024-02-22,0.1523,0.01545,0.19548000000000001
2024-02-23,0.04036666666666666,0.04496666666666667,-0.017449999999999997
2024-02-29,0.1094193548387097,0.03767741935483871,0.1326774193548387
2024-03-01,0.15347368421052632,0.041315789473684215,0.2483631578947368
2024-03-07,0.07414285714285715,0.058,0.07997857142857144
2024-03-08,0.07519444444444444,0.06852777777777778,0.021286111111111113
2024-03-14,0.06814285714285714,0.05780952380952381,0.0050952380952380945
2024-03-15,0.056793103448275865,0.08427586206896552,-0.07848275862068965
2024-03-21,0.11416666666666668,0.058333333333333334,0.11403888888888887
2024-03-22,0.13418750000000002,0.0456875,0.150496875
2024-03-28,0.10573529411764705,0.012382352941176471,0.17559117647058825
2024-03-29,0.1099375,0.0,0.20760625
2024-04-05,0.15034,0.038239999999999996,0.20259
2024-04-11,0.09204999999999999,0.01905,0.12849
2024-04-12,0.13086666666666666,0.09616666666666666,0.07219666666666666
2024-04-18,0.11718181818181819,0.07727272727272727,0.06995000000000001
2024-04-19,0.078,0.13582142857142857,-0.10185714285714284
2024-04-25,0.09166666666666667,0.105,-0.05010833333333334
2024-04-26,0.12105263157894736,0.055842105263157894,0.11663947368421052
2024-05-02,0.12903703703703703,0.018,0.1330111111111111
2024-05-03,0.16256521739130433,0.04360869565217391,0.22799999999999998
2024-05-09,0.10368000000000001,0.022520000000000002,0.20302399999999998
2024-05-10,0.09412000000000001,0.021640000000000003,0.129188
2024-05-16,0.06648275862068966,0.05,0.0307448275862069
2024-05-17,0.07985714285714286,0.07542857142857143,0.03917142857142857
2024-05-23,0.11242857142857143,0.07292857142857143,0.06967857142857142
2024-05-24,0.05622727272727272,0.08163636363636363,-0.017
2024-05-30,0.10593333333333334,0.039933333333333335,0.11148666666666666
2024-05-31,0.06048571428571429,0.039,0.053637142857142855
2024-06-06,0.05995,0.029449999999999997,0.06493
2024-06-07,0.08786666666666668,0.035166666666666666,0.08619
2024-06-13,0.11553846153846156,0.05492307692307692,0.056523076923076926
2024-06-14,0.08302702702702702,0.05272972972972973,0.06894054054054054
2024-06-21,0.0458,0.056900000000000006,-0.016727999999999996
2024-06-27,0.1176,0.0216,0.24226
2024-06-28,0.090025,0.047725000000000004,0.0961425
2024-07-05,0.11154,0.06038,0.122218
2024-07-11,0.06899999999999999,0.07257142857142858,0.024099999999999993
2024-07-12,0.1323953488372093,0.061325581395348834,0.15476744186046512
2024-07-18,0.08014285714285714,0.04580952380952381,0.10105714285714285
2024-07-19,0.09206896551724138,0.08155172413793105,0.016782758620689654
2024-07-25,0.076125,0.0321875,0.08757499999999999
2024-07-26,0.07976470588235295,0.054735294117647056,0.04777352941176471
2024-08-02,0.11818,0.13577999999999998,-0.016681999999999992
2024-08-08,0.08233333333333333,0.06433333333333334,0.05062500000000001
2024-08-09,0.07205263157894737,0.08942105263157896,-0.04507894736842105
2024-08-15,0.15966666666666665,0.05792592592592593,0.2245185185185185
2024-08-16,0.14117391304347826,0.09265217391304349,0.14425652173913042
2024-08-22,0.07640740740740741,0.03559259259259259,0.09664074074074074
2024-08-23,0.10208695652173913,0.07895652173913044,0.061239130434782615
2024-08-29,0.11905882352941177,0.022941176470588236,0.21707647058823532
2024-08-30,0.11942424242424242,0.05366666666666666,0.17113636363636364
2024-09-05,0.1206,0.0419,0.182365
2024-09-06,0.10336666666666666,0.08676666666666667,-0.014043333333333336
2024-09-12,0.09870370370370371,0.040777777777777774,0.14489259259259257
2024-09-13,0.09082608695652174,0.054652173913043486,0.07808260869565217
2024-09-19,0.12389473684210527,0.020105263157894737,0.2092842105263158
2024-09-20,0.06625806451612902,0.056225806451612896,0.019545161290322577
2024-09-25,0.05775,0.043,0.014225000000000002
2024-09-26,0.055344827586206895,0.008689655172413793,0.08179655172413794
2024-09-27,0.10923529411764706,0.05152941176470588,0.09024705882352942
2024-10-03,0.06769230769230769,0.09246153846153846,-0.05490769230769231
2024-10-04,0.06833333333333333,0.023249999999999996,0.06180416666666667
2024-10-09,0.04175,0.026,-0.031375
2024-10-10,0.02858620689655172,0.021758620689655173,0.023993103448275863
2024-10-11,0.14394117647058824,0.026470588235294114,0.19615294117647056
2024-10-17,0.13314705882352942,0.04914705882352941,0.18616176470588233
2024-10-18,0.1720625,0.0244375,0.2574625
2024-10-24,0.19172727272727272,0.11218181818181817,0.16305000000000003
2024-10-25,0.10085714285714285,0.09760714285714286,0.018575
2024-10-31,0.04575,0.056299999999999996,-0.002560000000000001
2024-11-01,0.11113333333333332,0.04036666666666667,0.11985333333333334
2024-11-07,0.11561538461538462,0.033615384615384616,0.13548076923076924
2024-11-08,0.15079166666666668,0.015333333333333332,0.24569583333333334
2024-11-13,0.1205,0.0,0.29295
2024-11-14,0.06848148148148148,0.05170370370370371,0.0478925925925926
2024-11-15,0.15114285714285713,0.06766666666666667,0.18035714285714285
2024-11-21,0.07153124999999999,0.03678125,0.06833437499999999
2024-11-22,0.11494444444444445,0.09216666666666667,0.04340000000000001
2024-11-27,0.0,0.06,-0.09866666666666667
2024-11-28,0.07328571428571429,0.02192857142857143,0.12497142857142858
2024-11-29,0.15436363636363634,0.015545454545454546,0.2967333333333333
2024-12-04,0.09070588235294118,0.04735294117647059,0.041999999999999996
2024-12-05,0.0808,0.04126666666666667,0.11399333333333335
2024-12-06,0.10661111111111111,0.057611111111111106,0.1005611111111111
2024-12-12,0.047733333333333336,0.07386666666666668,-0.04740666666666666
2024-12-13,0.09411428571428572,0.04454285714285714,0.0927742857142857
2024-12-19,0.06845454545454545,0.03590909090909091,0.04027727272727273
2024-12-20,0.08307142857142857,0.0935,-0.014939285714285709
2024-12-26,0.11244444444444444,0.01883333333333333,0.22719999999999999
2024-12-27,0.1046875,0.052625,0.086621875
2025-01-02,0.027045454545454543,0.06963636363636364,-0.07080454545454545
2025-01-03,0.06596428571428571,0.03553571428571429,0.059939285714285716
2025-01-08,0.3395,0.0,0.4568
2025-01-09,0.14436842105263156,0.04426315789473684,0.2581
2025-01-10,0.12537931034482758,0.04258620689655172,0.09226896551724137
2025-01-15,0.3005,0.0,0.5267
2025-01-16,0.058565217391304346,0.04030434782608696,0.06209130434782608
2025-01-17,0.10788,0.02376,0.152288
2025-01-23,0.10793333333333334,0.05246666666666667,0.12622
2025-01-24,0.17025714285714286,0.03822857142857143,0.3293028571428572
2025-01-30,0.16182608695652173,0.011608695652173914,0.27400434782608696
2025-01-31,0.06862962962962962,0.019851851851851853,0.11223333333333334
2025-02-06,0.08303846153846153,0.029961538461538463,0.09341538461538461
2025-02-07,0.11279166666666667,0.026333333333333334,0.13091666666666665
2025-02-12,0.0,0.08633333333333333,-0.14049999999999999
2025-02-13,0.18170588235294116,0.022,0.3091235294117647
2025-02-14,0.111,0.07323333333333333,0.09685333333333333
2025-02-20,0.0221875,0.063125,-0.09007499999999999
2025-02-21,0.1116764705882353,0.028705882352941175,0.12533529411764707
2025-02-27,0.1586896551724138,0.027379310344827587,0.20636206896551726
2025-02-28,0.09609523809523808,0.07890476190476191,0.02887619047619048
2025-03-06,0.014,0.11444444444444445,-0.18953333333333333
2025-03-07,0.10853658536585366,0.06021951219512195,0.08796585365853658
2025-03-13,0.06608333333333333,0.05379166666666666,-0.032562499999999994
2025-03-14,0.09196153846153846,0.023538461538461543,0.1288576923076923
2025-03-20,0.0787037037037037,0.03848148148148148,0.09462962962962963
2025-03-21,0.0628695652173913,0.08339130434782609,-0.00864347826086956
2025-03-27,0.0324,0.1136,-0.10962000000000001
2025-03-28,0.11253333333333333,0.07575555555555556,0.06549111111111111
2025-04-04,0.06468,0.12262,-0.114842
2025-04-10,0.052500000000000005,0.11120000000000001,-0.14418000000000003
2025-04-11,0.126475,0.092875,0.0658125
2025-04-17,0.16440909090909092,0.04877272727272727,0.23814545454545455
2025-04-18,0.12942857142857142,0.028392857142857143,0.14869285714285715
2025-04-24,0.17147619047619048,0.05780952380952381,0.20235238095238092
2025-04-25,0.15879310344827588,0.07451724137931034,0.2276448275862069
2025-05-01,0.07139999999999999,0.07593333333333334,-0.007493333333333334
2025-05-02,0.1636857142857143,0.07231428571428572,0.23224000000000003
2025-05-08,0.13948,0.02352,0.243504
2025-05-09,0.11064,0.046959999999999995,0.10469999999999999
2025-05-15,0.0773888888888889,0.05580555555555555,0.03610555555555556
2025-05-16,0.16278571428571428,0.07871428571428572,0.14883571428571427
2025-05-22,0.08028,0.08496000000000001,-0.010048
2025-05-23,0.11567999999999999,0.07275999999999999,0.08
2025-05-29,0.11096875,0.07228125,0.10515624999999999
2025-05-30,0.04722222222222222,0.07033333333333333,-0.03559444444444445
2025-06-05,0.07963157894736841,0.06921052631578947,0.0454
2025-06-06,0.08970967741935484,0.04832258064516129,0.07098709677419356
2025-06-12,0.11381818181818182,0.1104090909090909,0.06740454545454545
2025-06-13,0.11589655172413794,0.14555172413793105,-0.06518620689655173
2025-06-14,0.1,0.129,-0.008663636363636358
2025-07-03,0.15053125,0.04003125,0.2225
2025-07-04,0.08116666666666666,0.07933333333333333,0.03716666666666667
2025-07-10,0.08532000000000001,0.01312,0.126644
2025-07-11,0.06824,0.11184000000000001,-0.046475999999999996
2025-07-17,0.1671,0.0,0.34271
2025-07-18,0.093675,0.050175000000000004,0.10675749999999999
2025-07-23,0.13575,0.0103125,0.2290625
2025-07-24,0.1079,0.0,0.21327499999999996
2025-07-25,0.14464285714285713,0.03342857142857143,0.15659285714285714
2025-07-31,0.09577777777777777,0.013333333333333332,0.1607111111111111
2025-08-01,0.05643478260869565,0.07652173913043478,-0.07428260869565217
2025-08-07,0.10710526315789475,0.0901578947368421,0.012057894736842106
2025-08-08,0.11651612903225807,0.022903225806451617,0.25247419354838707
2025-08-14,0.01742857142857143,0.04719047619047619,-0.059904761904761905
2025-08-15,0.12686206896551724,0.04789655172413793,0.1747448275862069
2025-08-21,0.05778947368421052,0.16889473684210526,-0.15307368421052633
2025-08-22,0.04370967741935484,0.0655483870967742,-0.01672903225806452
2025-08-28,0.10650000000000001,0.034,0.1104375
2025-08-29,0.0749047619047619,0.04421428571428571,0.054978571428571425
2025-09-04,0.17985714285714285,0.06671428571428571,0.19764285714285715
2025-09-05,0.1401860465116279,0.08034883720930233,0.09570465116279069
2025-09-11,0.19891999999999999,0.06916,0.249708
2025-09-12,0.06332,0.03984,0.043776
2025-09-18,0.0672,0.0356,0.10157333333333333
2025-09-19,0.11117142857142857,0.035114285714285716,0.12853714285714285
2025-09-25,0.13476923076923078,0.0683076923076923,0.15042307692307694
2025-09-26,0.12854166666666667,0.030416666666666665,0.15900416666666667
2025-10-02,0.15305882352941177,0.05658823529411765,0.19457058823529413
2025-10-03,0.11103030303030303,0.05618181818181819,0.1190151515151515
2025-10-09,0.06607142857142857,0.0802857142857143,-0.01887142857142857
2025-10-10,0.07377777777777778,0.07313888888888889,0.008486111111111113
2025-10-16,0.1286470588235294,0.10176470588235294,0.04582941176470587
2025-10-17,0.0946969696969697,0.08572727272727274,0.031169696969696976
2025-10-23,0.053,0.051333333333333335,-0.03391666666666666
2025-10-24,0.09702272727272727,0.07554545454545454,0.07574545454545455
2025-10-30,0.08295,0.1403,-0.05420499999999999
2025-10-31,0.1741,0.03883333333333334,0.1979066666666667
2025-11-06,0.048299999999999996,0.046599999999999996,0.023490000000000004
2025-11-07,0.077175,0.1068,-0.052790000000000004
2025-11-13,0.07822222222222222,0.060000000000000005,0.0726888888888889
2025-11-14,0.1013170731707317,0.10690243902439024,-0.014117073170731709
2025-11-20,0.09269999999999999,0.0857,0.014599999999999991
2025-11-21,0.10455,0.09415,-0.009925000000000002
2025-11-26,0.21616666666666665,0.0,0.46173333333333333
2025-11-27,0.18738461538461537,0.0663076923076923,0.24215384615384616
2025-11-28,0.07132258064516128,0.11416129032258064,-0.08761935483870968
2025-12-03,0.06338461538461539,0.05946153846153846,0.004269230769230774
2025-12-04,0.1336153846153846,0.04730769230769231,0.1707576923076923
2025-12-05,0.08600000000000001,0.05418181818181818,0.09529090909090909
2025-12-11,0.064,0.045,0.058975000000000014
2025-12-12,0.08056521739130434,0.05430434782608696,0.05670434782608696
2025-12-18,0.284,0.0,0.39225
2025-12-19,0.05429166666666666,0.08489583333333334,-0.016052083333333335
2025-12-24,0.07875,0.0,0.1912625
2025-12-25,0.1395263157894737,0.012157894736842105,0.26271578947368424
2025-12-26,0.20900000000000002,0.007565217391304347,0.34796956521739125
2025-12-30,0.02858620689655172,0.018482758620689658,0.028248275862068965
2025-12-31,0.039285714285714285,0.06976190476190476,-0.06283333333333334
